Citizen_ID,Name,Age,Gender,Aadhaar_No,Location,Income_Level,Disability_Status,Education_Status
201,Ramesh Reddy,45,Male,APXX-1111,Vijayawada,Low,No,Graduate
202,Lakshmi Devi,32,Female,APXX-2222,Visakhapatnam,Medium,No,Postgraduate
203,Prasad Kumar,50,Male,APXX-3333,Tirupati,Low,Yes,High School
204,Anusha Rani,27,Female,APXX-4444,Guntur,Low,No,Postgraduate
205,Venkatesh Rao,38,Male,APXX-5555,Kurnool,Medium,No,Graduate
206,Suresh Babu,41,Male,APXX-6666,Nellore,Low,No,Graduate
207,Kavitha Rani,29,Female,APXX-7777,Kadapa,Medium,No,Intermediate
208,Rajesh Varma,54,Male,APXX-8888,Anantapur,Low,Yes,Illiterate
209,Divya Kumari,22,Female,APXX-9999,Vizianagaram,Low,No,Undergraduate
210,Krishna Murthy,36,Male,APXX-1010,Chittoor,High,No,Graduate
211,Manoj Reddy,28,Male,APXX-1011,Amaravati,Medium,No,Graduate
212,Sandhya Rao,34,Female,APXX-1012,Tenali,Low,No,Postgraduate
213,Arun Kumar,47,Male,APXX-1013,Ongole,Low,Yes,High School
214,Meena Devi,30,Female,APXX-1014,Eluru,Medium,No,Graduate
215,Vijay Krishna,39,Male,APXX-1015,Proddatur,Low,No,Graduate
216,Swapna Latha,26,Female,APXX-1016,Adoni,Low,No,Intermediate
217,Raghu Varma,52,Male,APXX-1017,Bhimavaram,Low,Yes,Illiterate
218,Sridevi K,40,Female,APXX-1018,Markapur,Medium,No,Graduate
219,Mahesh Babu,24,Male,APXX-1019,Madanapalle,Low,No,Undergraduate
220,Geetha Lakshmi,33,Female,APXX-1020,Tadepalligudem,Medium,No,Graduate
221,Narendra Prasad,60,Male,APXX-1021,Kakinada,Low,Yes,High School
222,Harika Rani,25,Female,APXX-1022,Hindupur,Low,No,Graduate
223,Balakrishna,42,Male,APXX-1023,Anakapalle,Medium,No,Postgraduate
224,Saritha Devi,31,Female,APXX-1024,Nandyal,Low,No,Graduate
225,Chaitanya Rao,27,Male,APXX-1025,Repalle,Medium,No,Graduate
Citizen_ID,Name,Age,Gender,Aadhaar_No,Location,Income_Level,Disability_Status,Education_Status
226,Pavani Reddy,36,Female,APXX-1026,Bapatla,Low,No,Graduate
227,Mohan Krishna,49,Male,APXX-1027,Gudivada,Low,Yes,High School
228,Lavanya Devi,21,Female,APXX-1028,Puttur,Medium,No,Undergraduate
229,Srinivas Rao,55,Male,APXX-1029,Rayachoti,Low,Yes,Illiterate
230,Anjali Sharma,29,Female,APXX-1030,Machilipatnam,Medium,No,Postgraduate
231,Naresh Reddy,40,Male,APXX-1031,Amalapuram,Low,No,Graduate
232,Deepa Kumari,23,Female,APXX-1032,Narsapur,Medium,No,Graduate
233,Rajendra Prasad,60,Male,APXX-1033,Kadiri,Low,Yes,High School
234,Prathyusha Rani,28,Female,APXX-1034,Dhone,Low,No,Intermediate
235,Karthik Varma,35,Male,APXX-1035,Nidadavolu,Medium,No,Graduate
236,Uma Maheswari,42,Female,APXX-1036,Tanuku,Low,No,Graduate
237,Harsha Vardhan,26,Male,APXX-1037,Palakollu,Medium,No,Graduate
238,Renu Devi,38,Female,APXX-1038,Jammalamadugu,Low,No,Postgraduate
239,Satyanarayana,50,Male,APXX-1039,Parvathipuram,Low,Yes,Illiterate
240,Kusuma Latha,27,Female,APXX-1040,Pithapuram,Medium,No,Graduate
241,Gopal Krishna,46,Male,APXX-1041,Samalkot,Low,No,Graduate
242,Sujatha Devi,33,Female,APXX-1042,Sattenapalli,Medium,No,Graduate
243,Ram Mohan,39,Male,APXX-1043,Kavali,Low,No,Graduate
244,Anitha Rao,31,Female,APXX-1044,Korukonda,Low,No,Intermediate
245,Shiva Kumar,28,Male,APXX-1045,Ponnur,Medium,No,Graduate
246,Padmaja Devi,44,Female,APXX-1046,Yemmiganur,Low,No,Graduate
247,Charan Reddy,22,Male,APXX-1047,Venkatagiri,Low,No,Undergraduate
248,Nagalakshmi,37,Female,APXX-1048,Palasa,Medium,No,Graduate
249,Kiran Kumar,53,Male,APXX-1049,Chilakaluripet,Low,Yes,High School
250,Shobha Rani,30,Female,APXX-1050,Mancherial,Medium,No,Graduate
Citizen_ID,Name,Age,Gender,Aadhaar_No,Location,Income_Level,Disability_Status,Education_Status
251,Vishnu Vardhan,34,Male,APXX-1051,Markapuram,Medium,No,Graduate
252,Sunitha Devi,27,Female,APXX-1052,Atmakur,Low,No,Intermediate
253,Murali Krishna,45,Male,APXX-1053,Kanigiri,Low,No,Graduate
254,Rekha Rani,29,Female,APXX-1054,Podili,Medium,No,Graduate
255,Anand Rao,52,Male,APXX-1055,Vinukonda,Low,Yes,High School
256,Sindhu Priya,24,Female,APXX-1056,Darsi,Low,No,Graduate
257,Ramachandra Reddy,47,Male,APXX-1057,Gooty,Low,No,Graduate
258,Padmavathi,36,Female,APXX-1058,Bapatla,Medium,No,Postgraduate
259,Santosh Kumar,31,Male,APXX-1059,Pamur,Low,No,Graduate
260,Kalyani Devi,40,Female,APXX-1060,Macherla,Medium,No,Graduate
261,Ravi Teja,28,Male,APXX-1061,Guduru,Low,No,Graduate
262,Manasa Latha,26,Female,APXX-1062,Punganur,Low,No,Graduate
263,Chiranjeevi,50,Male,APXX-1063,Puttaparthi,Low,Yes,High School
264,Radhika Devi,35,Female,APXX-1064,Gooty,Medium,No,Graduate
265,Harikrishna,42,Male,APXX-1065,Madanapalle,Low,No,Graduate
266,Latha Kumari,30,Female,APXX-1066,Giddalur,Low,No,Graduate
267,Venu Gopal,39,Male,APXX-1067,Rajahmundry,Medium,No,Graduate
268,Sarojini Devi,33,Female,APXX-1068,Ichchapuram,Low,No,Graduate
269,Ajay Kumar,25,Male,APXX-1069,Addanki,Low,No,Undergraduate
270,Soujanya,37,Female,APXX-1070,Mylavaram,Medium,No,Postgraduate
271,Nagarjuna Reddy,53,Male,APXX-1071,Chirala,Low,Yes,Illiterate
272,Keerthi Rani,29,Female,APXX-1072,Proddatur,Medium,No,Graduate
273,Jagadeesh Varma,41,Male,APXX-1073,Rayadurg,Low,No,Graduate
274,Savitha Devi,38,Female,APXX-1074,Tiruvuru,Low,No,Graduate
275,Surya Prakash,46,Male,APXX-1075,Narasaraopet,Medium,No,Graduate
Citizen_ID,Name,Age,Gender,Aadhaar_No,Location,Income_Level,Disability_Status,Education_Status
276,Sridevi Rani,28,Female,APXX-1076,Penukonda,Low,No,Graduate
277,Vijay Kumar,44,Male,APXX-1077,Anantapur,Medium,No,Graduate
278,Radha Kumari,31,Female,APXX-1078,Bhimavaram,Low,No,Postgraduate
279,Gopal Reddy,53,Male,APXX-1079,Hindupur,Low,Yes,High School
280,Kavya Sri,24,Female,APXX-1080,Chittoor,Medium,No,Graduate
281,Madhusudhan,39,Male,APXX-1081,Visakhapatnam,Low,No,Graduate
282,Deepthi Devi,26,Female,APXX-1082,Vijayawada,Low,No,Graduate
283,Rajasekhar,48,Male,APXX-1083,Kakinada,Low,No,Graduate
284,Harini Reddy,29,Female,APXX-1084,Guntur,Medium,No,Graduate
285,Shankar Rao,55,Male,APXX-1085,Ongole,Low,Yes,Illiterate
286,Priya Kumari,33,Female,APXX-1086,Tirupati,Low,No,Graduate
287,Manoj Varma,41,Male,APXX-1087,Eluru,Medium,No,Graduate
288,Sunanda Devi,27,Female,APXX-1088,Nellore,Low,No,Graduate
289,Vikram Reddy,36,Male,APXX-1089,Amaravati,Low,No,Graduate
290,Shilpa Rao,30,Female,APXX-1090,Nandyal,Medium,No,Graduate
291,Satyavathi,50,Female,APXX-1091,Markapur,Low,Yes,High School
292,Kiran Reddy,38,Male,APXX-1092,Tadepalligudem,Low,No,Graduate
293,Soumya Devi,25,Female,APXX-1093,Machilipatnam,Medium,No,Graduate
294,Aravind Kumar,47,Male,APXX-1094,Kadapa,Low,No,Graduate
295,Rajeswari,35,Female,APXX-1095,Anakapalle,Low,No,Graduate
296,Rohit Varma,28,Male,APXX-1096,Narsipatnam,Medium,No,Graduate
297,Mounika Devi,32,Female,APXX-1097,Tuni,Low,No,Postgraduate
298,Sankar Reddy,59,Male,APXX-1098,Rayachoti,Low,Yes,Illiterate
299,Divya Sri,22,Female,APXX-1099,Proddatur,Low,No,Undergraduate
300,Aditya Narayan,40,Male,APXX-1100,Kurnool,Medium,No,Graduate
